--ubicaciones--
insert into ubicaciones (direccion, ciudad, departamento) values ('b3#sh-72', 'Denver', 'Colorado');
insert into ubicaciones (direccion, ciudad, departamento) values ('E1062#foU-', 'Jamaica', 'New York');
insert into ubicaciones (direccion, ciudad, departamento) values ('W#JaW-78', 'Zephyrhills', 'Florida');
insert into ubicaciones (direccion, ciudad, departamento) values ('u31#-', 'Durham', 'North Carolina');
insert into ubicaciones (direccion, ciudad, departamento) values ('R#w-8', 'Topeka', 'Kansas');
insert into ubicaciones (direccion, ciudad, departamento) values ('K1#EJ-81', 'Terre Haute', 'Indiana');
insert into ubicaciones (direccion, ciudad, departamento) values ('w2457#aRw-50', 'Lancaster', 'Pennsylvania');
insert into ubicaciones (direccion, ciudad, departamento) values ('a357#k-', 'Nashville', 'Tennessee');
insert into ubicaciones (direccion, ciudad, departamento) values ('L737#K-73', 'Kalamazoo', 'Michigan');
insert into ubicaciones (direccion, ciudad, departamento) values ('R49#-', 'Corona', 'California');
insert into ubicaciones (direccion, ciudad, departamento) values ('k5#zmJ-5', 'Washington', 'Columbia');
insert into ubicaciones (direccion, ciudad, departamento) values ('p62#T-54', 'Houston', 'Texas');
insert into ubicaciones (direccion, ciudad, departamento) values ('D2434#-9', 'Portland', 'Oregon');
insert into ubicaciones (direccion, ciudad, departamento) values ('J#-73', 'Los Angeles', 'California');
insert into ubicaciones (direccion, ciudad, departamento) values ('e796#A-14', 'Muskegon', 'Michigan');
insert into ubicaciones (direccion, ciudad, departamento) values ('A34#h-', 'New Orleans', 'Louisiana');
insert into ubicaciones (direccion, ciudad, departamento) values ('m7#Pq-7', 'Cincinnati', 'Ohio');
insert into ubicaciones (direccion, ciudad, departamento) values ('i#fpC-75', 'Washington', 'Columbia');
insert into ubicaciones (direccion, ciudad, departamento) values ('c#v-', 'Pueblo', 'Colorado');
insert into ubicaciones (direccion, ciudad, departamento) values ('M6924#KMS-2', 'Cincinnati', 'Ohio');
--clientes--
insert into clientes (documento, nombres, fechaNacimiento, ubicacion , telefono, correo) values (814235293924167, 'Herta', TO_DATE('1987/01/01','YYYY/MM/DD'), 'b3#sh-72', 2454644, 'hlivingstone0@netscape.com');
insert into clientes (documento, nombres, fechaNacimiento, ubicacion , telefono, correo) values (845939956235772, 'Jasmin', TO_DATE('1986/03/01','YYYY/MM/DD'), 'E1062#foU-',2250184, 'jbasek1@google.es');
insert into clientes (documento, nombres, fechaNacimiento, ubicacion , telefono, correo) values (237820739273153, 'Brandy', TO_DATE('1983/04/01','YYYY/MM/DD'), 'W#JaW-78',2255684, 'bblanpein2@shutterfly.com');
insert into clientes (documento, nombres, fechaNacimiento, ubicacion , telefono, correo) values (576704148047048, 'Adel', TO_DATE('1987/11/05','YYYY/MM/DD'), 'u31#-',2250165, 'ashilton3@biblegateway.com');
insert into clientes (documento, nombres, fechaNacimiento, ubicacion , telefono, correo) values (358891232239720, 'Morgen', TO_DATE('1967/06/01','YYYY/MM/DD'), 'R#w-8',22501664, 'mlicciardello4@sun.com');
insert into clientes (documento, nombres, fechaNacimiento, ubicacion , telefono, correo) values (689677808017447, 'Cammy', TO_DATE('1990/07/01','YYYY/MM/DD'), 'K1#EJ-81',2254564, 'ctouson5@wired.com');
insert into clientes (documento, nombres, fechaNacimiento, ubicacion , telefono, correo) values (13177671584808, 'Daile', TO_DATE('1995/08/01','YYYY/MM/DD'),'w2457#aRw-50',2678184, 'ddain6@canalblog.com');
insert into clientes (documento, nombres, fechaNacimiento, ubicacion , telefono, correo) values (731889926769637, 'Astrix', TO_DATE('1999/09/01','YYYY/MM/DD'), 'a357#k-',2257654, 'ajurn7@homestead.com');
insert into clientes (documento, nombres, fechaNacimiento, ubicacion , telefono, correo) values (217386392241402, 'Charmian', TO_DATE('2000/11/01','YYYY/MM/DD'),'L737#K-73',6540184, 'ckarpushkin8@ibm.com');
insert into clientes (documento, nombres, fechaNacimiento, ubicacion , telefono, correo) values (652102064127992, 'Elora', TO_DATE('1998/10/01','YYYY/MM/DD'), 'R49#-',2250555, 'emackowle9@privacy.gov.au');
insert into clientes (documento, nombres, fechaNacimiento, ubicacion , telefono, correo) values (97776807949008, 'Hayley', TO_DATE('1957/01/08','YYYY/MM/DD'), 'k5#zmJ-5',2678184, 'hhassalla@wix.com');
insert into clientes (documento, nombres, fechaNacimiento, ubicacion , telefono, correo) values (171406934767696, 'Hercule', TO_DATE('1997/12/01','YYYY/MM/DD'), 'p62#T-54',2786184, 'hcastelijnb@narod.ru');
insert into clientes (documento, nombres, fechaNacimiento, ubicacion , telefono, correo) values (359426904094970, 'Lucais', TO_DATE('1989/02/05','YYYY/MM/DD'), 'D2434#-9',2278684, 'lwalcarc@privacy.gov.au');
insert into clientes (documento, nombres, fechaNacimiento, ubicacion , telefono, correo) values (521923346238965, 'Ashely', TO_DATE('1989/05/01','YYYY/MM/DD'), 'J#-73',2250876, 'abogaertd@amazon.de');
insert into clientes (documento, nombres, fechaNacimiento, ubicacion , telefono, correo) values (837838984029184, 'Lek', TO_DATE('1986/11/21','YYYY/MM/DD'), 'e796#A-14',2256784, 'llislee@noaa.gov');
insert into clientes (documento, nombres, fechaNacimiento, ubicacion , telefono, correo) values (650671113244417, 'Erasmus', TO_DATE('1985/09/29','YYYY/MM/DD'), 'A34#h-',2278984, 'ereadmiref@ox.ac.uk');
insert into clientes (documento, nombres, fechaNacimiento, ubicacion , telefono, correo) values (109529957582696, 'Jabez', TO_DATE('1986/11/22','YYYY/MM/DD'), 'm7#Pq-7',2258764, 'jbambr@networksolutions.com');
insert into clientes (documento, nombres, fechaNacimiento, ubicacion , telefono, correo) values (680103453112558, 'Ichabod', TO_DATE('1983/11/11','YYYY/MM/DD'), 'i#fpC-75',2765184, 'imccormackh@webs.com');
insert into clientes (documento, nombres, fechaNacimiento, ubicacion , telefono, correo) values (38055338586282, 'Sherline', TO_DATE('1982/12/31','YYYY/MM/DD'),'c#v-',2250765, 'sbulfieldi@google.fr');
insert into clientes (documento, nombres, fechaNacimiento, ubicacion , telefono, correo) values (962650722871684, 'Clarisse', TO_DATE('1986/05/21','YYYY/MM/DD'),'M6924#KMS-2',2567184, 'cgohierj@elpais.com');

insert into pagos (idPago, fechaLimite, fechaPagada) values (1,  TO_DATE('1987/01/01','YYYY/MM/DD'),  TO_DATE('2019/09/20','YYYY/MM/DD'));
insert into pagos (idPago, fechaLimite, fechaPagada) values (2, TO_DATE('1997/02/01','YYYY/MM/DD'),  TO_DATE('1998/08/01','YYYY/MM/DD'));
insert into pagos (idPago, fechaLimite, fechaPagada) values (3, TO_DATE('1977/03/01','YYYY/MM/DD'),  TO_DATE('1976/07/01','YYYY/MM/DD'));
insert into pagos (idPago, fechaLimite, fechaPagada) values (4, TO_DATE('1967/04/01','YYYY/MM/DD'),  TO_DATE('1968/06/01','YYYY/MM/DD'));
insert into pagos (idPago, fechaLimite, fechaPagada) values (5, TO_DATE('1947/05/01','YYYY/MM/DD'),  TO_DATE('1948/05/01','YYYY/MM/DD'));
insert into pagos (idPago, fechaLimite, fechaPagada) values (6, TO_DATE('1007/06/01','YYYY/MM/DD'),  TO_DATE('1008/04/01','YYYY/MM/DD'));
insert into pagos (idPago, fechaLimite, fechaPagada) values (7, TO_DATE('1990/07/01','YYYY/MM/DD'),  TO_DATE('1991/03/01','YYYY/MM/DD'));
insert into pagos (idPago, fechaLimite, fechaPagada) values (8, TO_DATE('2000/08/01','YYYY/MM/DD'),  TO_DATE('2001/02/01','YYYY/MM/DD'));
insert into pagos (idPago, fechaLimite, fechaPagada) values (9, TO_DATE('2001/09/01','YYYY/MM/DD'),  TO_DATE('2002/10/01','YYYY/MM/DD'));
insert into pagos (idPago, fechaLimite, fechaPagada) values (10, TO_DATE('1987/10/01','YYYY/MM/DD'),  TO_DATE('1988/11/01','YYYY/MM/DD'));
insert into pagos (idPago, fechaLimite, fechaPagada) values (11,TO_DATE('1964/11/01','YYYY/MM/DD'),  TO_DATE('1965/12/01','YYYY/MM/DD'));
insert into pagos (idPago, fechaLimite, fechaPagada) values (12, TO_DATE('1921/12/01','YYYY/MM/DD'),  TO_DATE('1922/02/01','YYYY/MM/DD'));
insert into pagos (idPago, fechaLimite, fechaPagada) values (13,TO_DATE('1943/01/01','YYYY/MM/DD'),  TO_DATE('1944/03/01','YYYY/MM/DD'));
insert into pagos (idPago, fechaLimite, fechaPagada) values (14,TO_DATE('1956/02/01','YYYY/MM/DD'),  TO_DATE('1957/08/01','YYYY/MM/DD'));
insert into pagos (idPago, fechaLimite, fechaPagada) values (15, TO_DATE('1945/03/01','YYYY/MM/DD'),  TO_DATE('1946/07/01','YYYY/MM/DD'));
insert into pagos (idPago, fechaLimite, fechaPagada) values (16, TO_DATE('1923/04/01','YYYY/MM/DD'),  TO_DATE('1924/06/01','YYYY/MM/DD'));
insert into pagos (idPago, fechaLimite, fechaPagada) values (17,TO_DATE('1932/05/01','YYYY/MM/DD'),  TO_DATE('1933/04/01','YYYY/MM/DD'));
insert into pagos (idPago, fechaLimite, fechaPagada) values (18,TO_DATE('1943/06/01','YYYY/MM/DD'),  TO_DATE('1944/05/01','YYYY/MM/DD'));
insert into pagos (idPago, fechaLimite, fechaPagada) values (19,TO_DATE('1934/07/01','YYYY/MM/DD'),  TO_DATE('1935/07/01','YYYY/MM/DD'));
insert into pagos (idPago, fechaLimite, fechaPagada) values (20, TO_DATE('1967/08/01','YYYY/MM/DD'),  TO_DATE('1968/08/01','YYYY/MM/DD'));

insert into pedidos (idPedido, fecha, cliente, pago) values (1, TO_DATE('1997/02/02','YYYY/MM/DD'), 814235293924167, 1);
insert into pedidos (idPedido, fecha, cliente, pago) values (2, TO_DATE('1967/03/03','YYYY/MM/DD'), 845939956235772, 2);
insert into pedidos (idPedido, fecha, cliente, pago) values (3, TO_DATE('1957/04/04','YYYY/MM/DD'), 237820739273153, 3);
insert into pedidos (idPedido, fecha, cliente, pago) values (4, TO_DATE('1947/05/05','YYYY/MM/DD'), 576704148047048, 4);
insert into pedidos (idPedido, fecha, cliente, pago) values (5, TO_DATE('1988/06/06','YYYY/MM/DD'), 358891232239720, 5);
insert into pedidos (idPedido, fecha, cliente, pago) values (6, TO_DATE('1987/07/07','YYYY/MM/DD'), 689677808017447, 6);
insert into pedidos (idPedido, fecha, cliente, pago) values (7, TO_DATE('1985/08/08','YYYY/MM/DD'), 13177671584808, 7);
insert into pedidos (idPedido, fecha, cliente, pago) values (8, TO_DATE('1983/09/09','YYYY/MM/DD'), 731889926769637, 8);
insert into pedidos (idPedido, fecha, cliente, pago) values (9, TO_DATE('1982/11/10','YYYY/MM/DD'), 217386392241402, 9);
insert into pedidos (idPedido, fecha, cliente, pago) values (10, TO_DATE('1947/11/11','YYYY/MM/DD'), 652102064127992, 10);
insert into pedidos (idPedido, fecha, cliente, pago) values (11, TO_DATE('1982/11/12','YYYY/MM/DD'), 97776807949008, 11);
insert into pedidos (idPedido, fecha, cliente, pago) values (12, TO_DATE('1982/01/13','YYYY/MM/DD'), 171406934767696, 12);
insert into pedidos (idPedido, fecha, cliente, pago) values (13, TO_DATE('1981/02/14','YYYY/MM/DD'), 359426904094970, 13);
insert into pedidos (idPedido, fecha, cliente, pago) values (14, TO_DATE('1980/03/15','YYYY/MM/DD'), 521923346238965, 14);
insert into pedidos (idPedido, fecha, cliente, pago) values (15, TO_DATE('1989/04/01','YYYY/MM/DD'), 837838984029184, 15);
insert into pedidos (idPedido, fecha, cliente, pago) values (16, TO_DATE('1998/05/01','YYYY/MM/DD'), 650671113244417, 16);
insert into pedidos (idPedido, fecha, cliente, pago) values (17, TO_DATE('2017/06/16','YYYY/MM/DD'), 109529957582696, 17);
insert into pedidos (idPedido, fecha, cliente, pago) values (18, TO_DATE('2017/07/01','YYYY/MM/DD'), 680103453112558, 18);
insert into pedidos (idPedido, fecha, cliente, pago) values (19, TO_DATE('2000/08/01','YYYY/MM/DD'), 38055338586282, 19);
insert into pedidos (idPedido, fecha, cliente, pago) values (20, TO_DATE('2001/09/17','YYYY/MM/DD'), 962650722871684, 20);

insert into categorias (idCategoria, nombre, categoria) values ('V3', 'Tuberous Comfrey', null);
insert into categorias (idCategoria, nombre, categoria) values ('X1513', 'Prickly Clover', 'V3');
insert into categorias (idCategoria, nombre, categoria) values ('Q7778', 'Pinto Beardtongue', 'X1513');
insert into categorias (idCategoria, nombre, categoria) values ('E3', 'Aleutian Avens', 'Q7778');
insert into categorias (idCategoria, nombre, categoria) values ('Z36', 'Desert Yellow Fleabane', 'E3');
insert into categorias (idCategoria, nombre, categoria) values ('N', 'Moleplant', 'Z36');
insert into categorias (idCategoria, nombre, categoria) values ('W5136', 'Hansen''s Spikemoss', 'N');
insert into categorias (idCategoria, nombre, categoria) values ('C7713', 'Aulaxina Lichen', 'W5136');
insert into categorias (idCategoria, nombre, categoria) values ('Z', 'False Coffee', 'C7713');
insert into categorias (idCategoria, nombre, categoria) values ('Y8566', 'Okra', 'Z');
insert into categorias (idCategoria, nombre, categoria) values ('P2117', 'Entireleaved Thelypody','Y8566');
insert into categorias (idCategoria, nombre, categoria) values ('E', 'Sudan Crowfoot Grass','P2117');
insert into categorias (idCategoria, nombre, categoria) values ('H4981', 'Ashen Milkvetch', 'E');
insert into categorias (idCategoria, nombre, categoria) values ('X6901', 'Link''s Coenogonium Lichen', 'H4981');
insert into categorias (idCategoria, nombre, categoria) values ('O5983', 'Waxflower', 'X6901');
insert into categorias (idCategoria, nombre, categoria) values ('E5', 'Jateorhiza','O5983');
insert into categorias (idCategoria, nombre, categoria) values ('Y8606', 'Flatsedge', 'E5');
insert into categorias (idCategoria, nombre, categoria) values ('G', 'Star Magnolia', 'Y8606');
insert into categorias (idCategoria, nombre, categoria) values ('O836', 'Trianthema', 'G');
insert into categorias (idCategoria, nombre, categoria) values ('Q92', 'Streambank Bird', 'O836');

insert into productos (idProducto, nombre, descripcion, precio, marca, categoria) values ('I8469', 'Ewen', 'porttitor id', 3644147642, 'Flowdesk','V3');
insert into productos (idProducto, nombre, descripcion, precio, marca, categoria) values ('Y74', 'Lavinie', 'id nisl', 1469500343, 'Asoka', 'X1513');
insert into productos (idProducto, nombre, descripcion, precio, marca, categoria) values ('N3878', 'Victoria', 'id justo', 5616038598, 'Y-Solowarm', 'Q7778');
insert into productos (idProducto, nombre, descripcion, precio, marca, categoria) values ('Q', 'Fidelia', 'in sagittis dui vel', 3498773487, 'Temp', 'E3');
insert into productos (idProducto, nombre, descripcion, precio, marca, categoria) values ('M387', 'Roley', 'eros viverra eget', 4188419671, 'Tres-Zap', 'Z36');
insert into productos (idProducto, nombre, descripcion, precio, marca, categoria) values ('C1211', 'Federico', 'quis justo', 9749353396, 'Overhold', 'N');
insert into productos (idProducto, nombre, descripcion, precio, marca, categoria) values ('I', 'Taite', 'morbi quis', 1933018511, 'Voyatouch', 'W5136');
insert into productos (idProducto, nombre, descripcion, precio, marca, categoria) values ('P', 'Sharlene', 'magna vestibulum', 6272563559, 'Tin', 'C7713');
insert into productos (idProducto, nombre, descripcion, precio, marca, categoria) values ('V8', 'Anselm', 'cum sociis natoque', 1981400574, 'Sonsing', 'Z');
insert into productos (idProducto, nombre, descripcion, precio, marca, categoria) values ('R7', 'Bernadina', 'viverra pede ac', 5627930342, 'Bytecard', 'Y8566');
insert into productos (idProducto, nombre, descripcion, precio, marca, categoria) values ('D0', 'Hurleigh', 'dapibus nulla suscipit', 729065822, 'Y-Solowarm', 'P2117');
insert into productos (idProducto, nombre, descripcion, precio, marca, categoria) values ('P6', 'Ivett', 'pede lobortis ligula sit', 4916890231, 'Biodex', 'E');
insert into productos (idProducto, nombre, descripcion, precio, marca, categoria) values ('R3', 'Conn', 'sagittis sapien cum sociis', 2960758145, 'Cardify', 'H4981');
insert into productos (idProducto, nombre, descripcion, precio, marca, categoria) values ('J8', 'Cindi', 'quam a odio', 3467063075, 'Stronghold', 'X6901');
insert into productos (idProducto, nombre, descripcion, precio, marca, categoria) values ('C2887', 'Norrie', 'at lorem', 6382361462, 'Fintone', 'O5983');
insert into productos (idProducto, nombre, descripcion, precio, marca, categoria) values ('D9534', 'Carla', 'sapien iaculis congue', 6469914768, 'Andalax', 'E5');
insert into productos (idProducto, nombre, descripcion, precio, marca, categoria) values ('Y', 'Amaleta', 'posuere cubilia', 2357193125, 'Gembucket', 'Y8606');
insert into productos (idProducto, nombre, descripcion, precio, marca, categoria) values ('M4', 'Barbe', 'amet lobortis sapien', 5242404118, 'Ronstring', 'G');
insert into productos (idProducto, nombre, descripcion, precio, marca, categoria) values ('K692', 'Vinni', 'tristique in tempus sit', 8819842951, 'Trippledex', 'O836');
insert into productos (idProducto, nombre, descripcion, precio, marca, categoria) values ('L1024', 'Mead', 'posuere cubilia', 7772250505, 'Fix San', 'Q92');

insert into requerimientos (producto, pedido, cantidad, precio) values ('I8469', 1, 238299579, 2335646178);
insert into requerimientos (producto, pedido, cantidad, precio) values ('Y74', 2, 4000028745, 3986188661);
insert into requerimientos (producto, pedido, cantidad, precio) values ('N3878', 3, 1555570671, 2023466510);
insert into requerimientos (producto, pedido, cantidad, precio) values ('Q', 4, 7570060394, 2222292165);
insert into requerimientos (producto, pedido, cantidad, precio) values ('M387', 5, 57835918, 4287544947);
insert into requerimientos (producto, pedido, cantidad, precio) values ('C1211', 6, 183504069, 4714549155);
insert into requerimientos (producto, pedido, cantidad, precio) values ('I', 7, 2125150782, 3044634811);
insert into requerimientos (producto, pedido, cantidad, precio) values ('P', 8, 5269143620, 4569381283);
insert into requerimientos (producto, pedido, cantidad, precio) values ('V8', 9, 9037442422, 9767431705);
insert into requerimientos (producto, pedido, cantidad, precio) values ('R7', 10, 1832167907, 3783193349);
insert into requerimientos (producto, pedido, cantidad, precio) values ('D0', 11, 3508673230, 2784304905);
insert into requerimientos (producto, pedido, cantidad, precio) values ('P6', 12, 9512102283, 8886186786);
insert into requerimientos (producto, pedido, cantidad, precio) values ('R3', 13, 646721521, 2467166764);
insert into requerimientos (producto, pedido, cantidad, precio) values ('J8', 14, 5258002873, 5444805456);
insert into requerimientos (producto, pedido, cantidad, precio) values ('C2887', 15, 7560682438, 4120567386);
insert into requerimientos (producto, pedido, cantidad, precio) values ('D9534', 16, 8659595992, 2819769960);
insert into requerimientos (producto, pedido, cantidad, precio) values ('Y', 17, 8508095617, 1490672162);
insert into requerimientos (producto, pedido, cantidad, precio) values ('M4', 18, 8342988130, 3661842893);
insert into requerimientos (producto, pedido, cantidad, precio) values ('K692', 19, 3469168404, 4180104274);
insert into requerimientos (producto, pedido, cantidad, precio) values ('L1024', 20, 9426523430, 3343126651);

insert into proveedores (documento, nombre, telefono, correo) values (542464580757306, 'Leenti', 8661901153, 'cwogdon0@yelp.com');
insert into proveedores (documento, nombre, telefono, correo) values (401346238638481, 'Oyoyo', 3436499656, 'kclick1@hud.gov');
insert into proveedores (documento, nombre, telefono, correo) values (375062650570565, 'Dynabox', 1438457179, 'jmcqueen2@reverbnation.com');
insert into proveedores (documento, nombre, telefono, correo) values (687143626471320, 'Kazio', 2682141420, 'khannaway3@paypal.com');
insert into proveedores (documento, nombre, telefono, correo) values (79924101910612, 'BlogXS', 6450703344, 'jheggs4@bloglines.com');
insert into proveedores (documento, nombre, telefono, correo) values (762521148734011, 'Roomm', 2472661096, 'darnott5@ucla.edu');
insert into proveedores (documento, nombre, telefono, correo) values (397065369719317, 'Yambee', 8344967242, 'rmacgaffey6@unblog.fr');
insert into proveedores (documento, nombre, telefono, correo) values (314898600650762, 'Eabox', 7534943954, 'rgreenin7@nature.com');
insert into proveedores (documento, nombre, telefono, correo) values (673857923903146, 'Zoomlounge', 4629270150, 'vpassion8@canalblog.com');
insert into proveedores (documento, nombre, telefono, correo) values (459608901593365, 'Centimia', 9249530591, 'sendrighi9@illinois.edu');
insert into proveedores (documento, nombre, telefono, correo) values (675323760540147, 'Feedfish', 9321513544, 'ljefferiesa@cornell.edu');
insert into proveedores (documento, nombre, telefono, correo) values (412567061042957, 'Quatz', 7237453525, 'smacginleyb@nbcnews.com');
insert into proveedores (documento, nombre, telefono, correo) values (18607808772900, 'Avamba', 5015657828, 'scousinc@com.com');
insert into proveedores (documento, nombre, telefono, correo) values (455192556436448, 'Gabtune', 5415526995, 'blichtfothd@globo.com');
insert into proveedores (documento, nombre, telefono, correo) values (327055096612599, 'Livefish', 9983425862, 'dbayforde@cyberchimps.com');
insert into proveedores (documento, nombre, telefono, correo) values (291018851450036, 'Demizz', 2121684826, 'ttamesf@mozilla.com');
insert into proveedores (documento, nombre, telefono, correo) values (106201968087479, 'Rhybox', 9578533964, 'dshreevesg@youtube.com');
insert into proveedores (documento, nombre, telefono, correo) values (501131315924924, 'Avamm', 5655403624, 'eangerh@mac.com');
insert into proveedores (documento, nombre, telefono, correo) values (741958054597468, 'Npath', 1595191222, 'obarmbyi@uiuc.edu');
insert into proveedores (documento, nombre, telefono, correo) values (506147677877314, 'Geba', 4151755118, 'djoyesj@is.gd');

insert into bodegas (idBodega, ubicacion) values ('M319', 'b3#sh-72');
insert into bodegas (idBodega, ubicacion) values ('A37', 'E1062#foU-');
insert into bodegas (idBodega, ubicacion) values ('L176', 'W#JaW-78');
insert into bodegas (idBodega, ubicacion) values ('R', 'u31#-');
insert into bodegas (idBodega, ubicacion) values ('B2', 'R#w-8');
insert into bodegas (idBodega, ubicacion) values ('P3102','K1#EJ-81');
insert into bodegas (idBodega, ubicacion) values ('W2404', 'w2457#aRw-50');
insert into bodegas (idBodega, ubicacion) values ('U', 'a357#k-');
insert into bodegas (idBodega, ubicacion) values ('P4', 'L737#K-73');
insert into bodegas (idBodega, ubicacion) values ('U95', 'R49#-');
insert into bodegas (idBodega, ubicacion) values ('D1', 'k5#zmJ-5');
insert into bodegas (idBodega, ubicacion) values ('D79', 'p62#T-54');
insert into bodegas (idBodega, ubicacion) values ('N393', 'D2434#-9');
insert into bodegas (idBodega, ubicacion) values ('O40', 'J#-73');
insert into bodegas (idBodega, ubicacion) values ('P', 'e796#A-14');
insert into bodegas (idBodega, ubicacion) values ('Q0', 'A34#h-');
insert into bodegas (idBodega, ubicacion) values ('C9910', 'm7#Pq-7');
insert into bodegas (idBodega, ubicacion) values ('F4', 'i#fpC-75');
insert into bodegas (idBodega, ubicacion) values ('L2700', 'c#v-');
insert into bodegas (idBodega, ubicacion) values ('T98', 'M6924#KMS-2');

insert into despachos (idDespacho, fechaEnvio, fechaLlegada, bodega) values (1, TO_DATE('1987/05/01','YYYY/MM/DD'),  TO_DATE('1988/02/01','YYYY/MM/DD'),'M319');
insert into despachos (idDespacho, fechaEnvio, fechaLlegada, bodega) values (2, TO_DATE('1997/01/01','YYYY/MM/DD'),  TO_DATE('1998/02/01','YYYY/MM/DD'), 'A37');
insert into despachos (idDespacho, fechaEnvio, fechaLlegada, bodega) values (3, TO_DATE('1947/02/01','YYYY/MM/DD'),  TO_DATE('1948/02/01','YYYY/MM/DD'), 'L176');
insert into despachos (idDespacho, fechaEnvio, fechaLlegada, bodega) values (4,TO_DATE('1983/04/01','YYYY/MM/DD'),  TO_DATE('1984/02/01','YYYY/MM/DD'), 'R');
insert into despachos (idDespacho, fechaEnvio, fechaLlegada, bodega) values (5,TO_DATE('1967/03/01','YYYY/MM/DD'),  TO_DATE('1968/02/01','YYYY/MM/DD'), 'B2');
insert into despachos (idDespacho, fechaEnvio, fechaLlegada, bodega) values (6, TO_DATE('1937/04/01','YYYY/MM/DD'),  TO_DATE('1938/02/01','YYYY/MM/DD'), 'P3102');
insert into despachos (idDespacho, fechaEnvio, fechaLlegada, bodega) values (7, TO_DATE('1927/02/01','YYYY/MM/DD'),  TO_DATE('1928/02/01','YYYY/MM/DD'), 'W2404');
insert into despachos (idDespacho, fechaEnvio, fechaLlegada, bodega) values (8, TO_DATE('1967/06/01','YYYY/MM/DD'),  TO_DATE('1968/02/01','YYYY/MM/DD'), 'U');
insert into despachos (idDespacho, fechaEnvio, fechaLlegada, bodega) values (9, TO_DATE('1977/05/01','YYYY/MM/DD'),  TO_DATE('1988/02/01','YYYY/MM/DD'), 'P4');
insert into despachos (idDespacho, fechaEnvio, fechaLlegada, bodega) values (10, TO_DATE('1947/05/01','YYYY/MM/DD'),  TO_DATE('1948/02/01','YYYY/MM/DD'), 'U95');
insert into despachos (idDespacho, fechaEnvio, fechaLlegada, bodega) values (11, TO_DATE('1937/02/01','YYYY/MM/DD'),  TO_DATE('1938/02/01','YYYY/MM/DD'), 'D1');
insert into despachos (idDespacho, fechaEnvio, fechaLlegada, bodega) values (12, TO_DATE('1957/03/01','YYYY/MM/DD'),  TO_DATE('1958/02/01','YYYY/MM/DD'), 'D79');
insert into despachos (idDespacho, fechaEnvio, fechaLlegada, bodega) values (13, TO_DATE('1967/06/01','YYYY/MM/DD'),  TO_DATE('1968/02/01','YYYY/MM/DD'), 'N393');
insert into despachos (idDespacho, fechaEnvio, fechaLlegada, bodega) values (14, TO_DATE('1977/04/01','YYYY/MM/DD'),  TO_DATE('1978/02/01','YYYY/MM/DD'), 'O40');
insert into despachos (idDespacho, fechaEnvio, fechaLlegada, bodega) values (15, TO_DATE('1937/06/01','YYYY/MM/DD'),  TO_DATE('1938/02/01','YYYY/MM/DD'), 'P');
insert into despachos (idDespacho, fechaEnvio, fechaLlegada, bodega) values (16, TO_DATE('1957/05/01','YYYY/MM/DD'),  TO_DATE('1958/02/01','YYYY/MM/DD'),'Q0');
insert into despachos (idDespacho, fechaEnvio, fechaLlegada, bodega) values (17, TO_DATE('1947/04/01','YYYY/MM/DD'),  TO_DATE('1948/02/01','YYYY/MM/DD'), 'C9910');
insert into despachos (idDespacho, fechaEnvio, fechaLlegada, bodega) values (18, TO_DATE('1957/03/01','YYYY/MM/DD'),  TO_DATE('1958/02/01','YYYY/MM/DD'), 'F4');
insert into despachos (idDespacho, fechaEnvio, fechaLlegada, bodega) values (19, TO_DATE('1967/02/01','YYYY/MM/DD'),  TO_DATE('1968/02/01','YYYY/MM/DD'), 'L2700');
insert into despachos (idDespacho, fechaEnvio, fechaLlegada, bodega) values (20, TO_DATE('1937/01/01','YYYY/MM/DD'),  TO_DATE('1938/02/01','YYYY/MM/DD'), 'T98');


insert into compras (idCompra, fechaCompra, proveedor, despacho) values (1, TO_DATE('1997/01/04','YYYY/MM/DD'), 542464580757306, 1);
insert into compras (idCompra, fechaCompra, proveedor, despacho) values (2, TO_DATE('1987/02/03','YYYY/MM/DD'), 401346238638481, 2);
insert into compras (idCompra, fechaCompra, proveedor, despacho) values (3, TO_DATE('1977/03/02','YYYY/MM/DD'), 375062650570565, 3);
insert into compras (idCompra, fechaCompra, proveedor, despacho) values (4, TO_DATE('1967/04/01','YYYY/MM/DD'), 687143626471320, 4);
insert into compras (idCompra, fechaCompra, proveedor, despacho) values (5, TO_DATE('1957/05/02','YYYY/MM/DD'), 79924101910612, 5);
insert into compras (idCompra, fechaCompra, proveedor, despacho) values (6, TO_DATE('1937/06/03','YYYY/MM/DD'), 762521148734011, 6);
insert into compras (idCompra, fechaCompra, proveedor, despacho) values (7, TO_DATE('1927/07/04','YYYY/MM/DD'), 397065369719317, 7);
insert into compras (idCompra, fechaCompra, proveedor, despacho) values (8, TO_DATE('1985/08/05','YYYY/MM/DD'), 314898600650762, 8);
insert into compras (idCompra, fechaCompra, proveedor, despacho) values (9, TO_DATE('1986/09/06','YYYY/MM/DD'), 673857923903146, 9);
insert into compras (idCompra, fechaCompra, proveedor, despacho) values (10, TO_DATE('1983/08/07','YYYY/MM/DD'), 459608901593365, 10);
insert into compras (idCompra, fechaCompra, proveedor, despacho) values (11, TO_DATE('1985/07/08','YYYY/MM/DD'), 675323760540147, 11);
insert into compras (idCompra, fechaCompra, proveedor, despacho) values (12, TO_DATE('1985/06/09','YYYY/MM/DD'), 412567061042957, 12);
insert into compras (idCompra, fechaCompra, proveedor, despacho) values (13, TO_DATE('1982/05/08','YYYY/MM/DD'), 18607808772900, 13);
insert into compras (idCompra, fechaCompra, proveedor, despacho) values (14, TO_DATE('1988/04/07','YYYY/MM/DD'), 455192556436448, 14);
insert into compras (idCompra, fechaCompra, proveedor, despacho) values (15, TO_DATE('1985/03/06','YYYY/MM/DD'), 327055096612599, 15);
insert into compras (idCompra, fechaCompra, proveedor, despacho) values (16, TO_DATE('1987/02/05','YYYY/MM/DD'), 291018851450036, 16);
insert into compras (idCompra, fechaCompra, proveedor, despacho) values (17, TO_DATE('1983/01/04','YYYY/MM/DD'), 106201968087479, 17);
insert into compras (idCompra, fechaCompra, proveedor, despacho) values (18, TO_DATE('1987/02/03','YYYY/MM/DD'), 501131315924924, 18);
insert into compras (idCompra, fechaCompra, proveedor, despacho) values (19, TO_DATE('1992/03/02','YYYY/MM/DD'), 741958054597468, 19);
insert into compras (idCompra, fechaCompra, proveedor, despacho) values (20, TO_DATE('1990/04/01','YYYY/MM/DD'), 506147677877314, 20);

insert into adquisiciones (producto, compra, cantidad) values ('I8469', 1, 6659216683);
insert into adquisiciones (producto, compra, cantidad) values ('Y74', 2, 808641818);
insert into adquisiciones (producto, compra, cantidad) values ('N3878', 3, 1275145589);
insert into adquisiciones (producto, compra, cantidad) values ('Q', 4, 6879028275);
insert into adquisiciones (producto, compra, cantidad) values ('M387', 5, 8921551237);
insert into adquisiciones (producto, compra, cantidad) values ('C1211', 6, 5984883186);
insert into adquisiciones (producto, compra, cantidad) values ('I', 7, 6824667118);
insert into adquisiciones (producto, compra, cantidad) values ('P', 8, 3978079014);
insert into adquisiciones (producto, compra, cantidad) values ('V8', 9, 4718762357);
insert into adquisiciones (producto, compra, cantidad) values ('R7', 10, 1999909773);
insert into adquisiciones (producto, compra, cantidad) values ('D0', 11, 4470577860);
insert into adquisiciones (producto, compra, cantidad) values ('P6', 12, 5470871007);
insert into adquisiciones (producto, compra, cantidad) values ('R3', 13, 2533421117);
insert into adquisiciones (producto, compra, cantidad) values ('J8', 14, 6254012823);
insert into adquisiciones (producto, compra, cantidad) values ('C2887', 15, 5178550028);
insert into adquisiciones (producto, compra, cantidad) values ('D9534', 16, 5005787191);
insert into adquisiciones (producto, compra, cantidad) values ('Y', 17, 8107540978);
insert into adquisiciones (producto, compra, cantidad) values ('M4', 18, 3375863019);
insert into adquisiciones (producto, compra, cantidad) values ('K692', 19, 8712542447);
insert into adquisiciones (producto, compra, cantidad) values ('L1024', 20, 2577419852);

insert into almacenamientos (producto, bodega, cantidad) values ('I8469','M319' , 7926539758);
insert into almacenamientos (producto, bodega, cantidad) values ('Y74','A37' , 9484339373);
insert into almacenamientos (producto, bodega, cantidad) values ('N3878','L176' , 2707178639);
insert into almacenamientos (producto, bodega, cantidad) values ('Q','R' , 2343380553);
insert into almacenamientos (producto, bodega, cantidad) values ('M387','B2' , 265043185);
insert into almacenamientos (producto, bodega, cantidad) values ('C1211', 'P3102', 6913008343);
insert into almacenamientos (producto, bodega, cantidad) values ('I','W2404' , 2085726160);
insert into almacenamientos (producto, bodega, cantidad) values ('P', 'U', 9035849930);
insert into almacenamientos (producto, bodega, cantidad) values ('V8','P4' , 2294302668);
insert into almacenamientos (producto, bodega, cantidad) values ('R7','U95' , 4701665633);
insert into almacenamientos (producto, bodega, cantidad) values ('D0','D1' , 8567500881);
insert into almacenamientos (producto, bodega, cantidad) values ('P6','D79' , 2530455440);
insert into almacenamientos (producto, bodega, cantidad) values ('R3','N393' , 2201358169);
insert into almacenamientos (producto, bodega, cantidad) values ('J8','O40' , 5396418571);
insert into almacenamientos (producto, bodega, cantidad) values ('C2887','P' , 7388632432);
insert into almacenamientos (producto, bodega, cantidad) values ('D9534','Q0' , 5526889497);
insert into almacenamientos (producto, bodega, cantidad) values ('Y','C9910' , 1767252792);
insert into almacenamientos (producto, bodega, cantidad) values ('M4','F4' , 5948110669);
insert into almacenamientos (producto, bodega, cantidad) values ('K692','L2700' , 1573365913);
insert into almacenamientos (producto, bodega, cantidad) values ('L1024','T98' , 1935350819);

